x,y,z,label,radius,curvature,torsion
73.0474,100.892,4.80776,132,-1,0.117562,-0.00322881
72.7379,100.707,5.34704,4,2.0749,0.125151,-0.00370481
72.4763,100.503,5.8853,4,2.01835,0.132369,-0.00440423
72.2629,100.281,6.42168,4,1.94342,0.138971,-0.0053241
72.0983,100.04,6.95521,4,2.21401,0.144716,-0.00663166
71.9831,99.7816,7.48472,4,1.9297,0.149212,-0.00893675
71.9179,99.5051,8.00881,4,2.10105,0.152027,-0.0123018
71.9032,99.2111,8.52574,4,2.16117,0.152906,-0.016688
71.939,98.9003,9.03343,4,2.05795,0.151832,-0.021408
72.0253,98.5732,9.52937,4,2.10008,0.148996,-0.0263728
72.1616,98.231,10.0107,4,2.05597,0.144733,-0.0318023
72.3465,97.8748,10.4742,4,2.03486,0.139521,-0.0369642
72.5784,97.506,10.9163,4,1.91371,0.133988,-0.0410244
72.8549,97.1264,11.3334,4,1.89849,0.12871,-0.0440593
73.1729,96.7381,11.7217,4,2.01669,0.124173,-0.045843
73.5287,96.3431,12.0772,4,2.02692,0.120852,-0.0454118
73.9183,95.944,12.3966,4,2.04794,0.118953,-0.0424894
74.3373,95.5432,12.6765,4,2.15405,0.118284,-0.0372622
74.7814,95.1433,12.9142,4,2.1357,0.118361,-0.0316058
75.2462,94.7466,13.1079,4,2.14234,0.118575,-0.0261308
75.7277,94.3552,13.2564,4,2.15605,0.118181,-0.0208469
76.2223,93.9706,13.3595,4,2.15605,0.116385,-0.0159784
76.7269,93.5943,13.4177,4,2.14295,0.112629,-0.0116164
77.2391,93.2269,13.4326,4,2.17152,0.106615,-0.00746358
77.7566,92.8688,13.4067,4,2.26006,0.0982638,-0.0031985
78.2781,92.5199,13.3431,4,2.13784,0.0876507,0.00152992
78.8025,92.1797,13.2459,4,2.21887,0.0749596,0.00769426
79.3289,91.8472,13.1197,4,2.19672,0.0604457,0.0176883
79.8573,91.5211,12.9699,4,2.12515,0.0445114,0.0378318
80.3877,91.1998,12.8027,4,2.07182,0.0277761,0.100359
80.9203,90.8813,12.6246,4,2.17668,0.011368,0.591176
81.4553,90.5637,12.4425,4,2.08076,0.0100071,0.75446
81.9928,90.245,12.2636,4,2.0981,0.0261319,0.112014
82.5326,89.9233,12.0951,4,2.1513,0.0428726,0.0436681
83.0738,89.5971,11.944,4,2.16877,0.0591795,0.0250873
83.615,89.2652,11.8172,4,2.15955,0.0748777,0.017732
84.1543,88.9271,11.7209,4,2.08299,0.0899208,0.0143207
84.689,88.5827,11.6606,4,2.06884,0.104322,0.0127352
85.2154,88.2327,11.6413,4,2.08564,0.118246,0.0123059
85.7294,87.8784,11.6669,4,2.02073,0.132013,0.012661
86.2261,87.5218,11.7401,4,2.04317,0.145989,0.013616
86.7001,87.1656,11.8628,4,2.03389,0.160624,0.0138251
87.1455,86.8128,12.0355,4,2.06755,0.176309,0.0121695
87.5563,86.4671,12.2578,4,2.0827,0.193024,0.00878814
87.9267,86.1322,12.5282,4,2.21743,0.210192,0.00363458
88.2515,85.8123,12.8441,4,2.17711,0.226793,-0.00360879
88.5263,85.5113,13.2024,4,2.19593,0.241082,-0.0133101
88.7479,85.233,13.5993,4,2.2649,0.250451,-0.0258998
88.9144,84.9808,14.031,4,2.43798,0.252222,-0.0402265
89.0256,84.7574,14.4935,4,2.31094,0.244902,-0.0566165
89.0831,84.5653,14.9834,4,2.37917,0.22857,-0.0765764
89.0901,84.406,15.4974,4,2.47845,0.204887,-0.0990855
89.0514,84.2803,16.0326,4,2.37834,0.176684,-0.123687
88.9732,84.1881,16.5866,4,2.33635,0.146828,-0.155347
88.8632,84.1285,17.1574,4,2.19681,0.117553,-0.20279
88.7296,84.0994,17.743,4,2.47686,0.0906907,-0.279362
88.5815,84.0976,18.3417,4,2.3714,0.0678478,-0.409822
88.4279,84.119,18.9518,4,2.28457,0.050963,-0.612016
88.2776,84.1582,19.5712,4,2.35989,0.0431099,-0.761343
88.1383,84.2092,20.1976,4,2.33609,0.0460934,-0.637
88.017,84.2652,20.8282,4,2.387,0.0566715,-0.440141
87.9188,84.3188,21.4595,4,2.45801,0.0710039,-0.320359
87.8474,84.3625,22.0872,4,2.47423,0.0878728,-0.255518
87.8046,84.3887,22.7066,4,2.46503,0.107295,-0.22048
87.7904,84.3901,23.3119,4,2.37651,0.129763,-0.202187
87.8032,84.36,23.8973,4,2.32928,0.156096,-0.193202
87.8396,84.2924,24.4562,4,2.42972,0.187247,-0.190695
87.895,84.1825,24.9818,4,2.46503,0.224103,-0.193033
87.9633,84.0267,25.4674,4,3.20648,0.267208,-0.192346
88.0374,83.823,25.9062,4,2.7539,0.315261,-0.185741
88.1098,83.5707,26.292,4,2.51023,0.363025,-0.172703
88.1732,83.271,26.6197,4,2.65861,0.401082,-0.156699
88.2209,82.9263,26.8852,4,2.8433,0.42014,-0.138653
88.2471,82.5402,27.0861,4,3.18791,0.414478,-0.116359
88.2473,82.1169,27.2214,4,3.07258,0.385014,-0.0911005
88.2181,81.6609,27.2915,4,3.18517,0.338342,-0.0675169
88.1578,81.1766,27.2982,4,3.13225,0.283243,-0.047209
88.066,80.6681,27.2454,4,3.24809,0.226999,-0.0301542
87.9441,80.1392,27.1386,4,3.11791,0.174261,-0.0168014
87.7955,79.5928,26.9851,4,3.49202,0.127409,-0.00452043
87.6247,79.0316,26.7939,4,2.93224,0.0866634,0.0126282
87.4377,78.4575,26.5753,4,3.31701,0.0515319,0.0541827
87.2412,77.8725,26.3404,4,2.82927,0.024013,0.247716
87.0428,77.2782,26.1005,4,3.12311,0.0253296,0.193883
86.8504,76.6767,25.8672,4,2.77481,0.0510371,0.0390947
86.6718,76.0709,25.6518,4,2.74612,0.0808574,0.013408
86.5143,75.4644,25.4646,4,2.70017,0.112873,0.00756214
86.3848,74.862,25.3148,4,2.48364,0.147095,0.00719705
86.2885,74.2695,25.21,4,2.51736,0.18401,0.00904152
86.2295,73.6936,25.156,4,2.58394,0.224685,0.0124871
86.2105,73.142,25.1569,4,2.65711,0.269764,0.0176394
86.2327,72.6231,25.2151,4,2.48252,0.318755,0.0250005
86.2958,72.1457,25.3316,4,2.47468,0.368493,0.0353487
86.3981,71.7188,25.5057,4,2.30814,0.413119,0.0493717
86.5362,71.3509,25.7351,4,2.29504,0.445611,0.0662562
86.7048,71.0502,26.0157,4,2.29504,0.461535,0.0808696
86.8971,70.8236,26.3419,4,2.21709,0.459546,0.0916576
87.1051,70.6765,26.7069,4,2.24761,0.440535,0.0984287
87.3204,70.6124,27.1035,4,2.15466,0.408041,0.100646
87.5342,70.6326,27.524,4,2.13567,0.367726,0.0987649
87.738,70.736,27.9611,4,1.98756,0.324431,0.0942565
87.924,70.9196,28.4075,4,1.9448,0.281426,0.089808
88.0856,71.1784,28.8569,4,1.91754,0.241272,0.0868259
88.2175,71.5056,29.304,4,1.89705,0.205328,0.0851943
88.3157,71.8933,29.7443,4,2.01071,0.173832,0.0860827
88.3776,72.3327,30.1744,4,1.95276,0.146711,0.093415
88.4022,72.8146,30.5921,4,2.01326,0.123899,0.107848
88.3894,73.3297,30.9962,4,1.8883,0.105252,0.12976
88.3397,73.8691,31.3867,4,1.83343,0.0904681,0.160736
88.2546,74.4242,31.7642,4,1.83429,0.0792859,0.19994
88.1355,74.9872,32.1305,4,1.83146,0.0718171,0.239633
87.9841,75.5509,32.4876,4,1.72461,0.0682925,0.26453
87.802,76.1084,32.8382,4,1.70292,0.06857,0.263767
87.5906,76.6536,33.1854,4,1.61979,0.0721564,0.239335
87.3513,77.181,33.5323,4,1.55738,0.0783039,0.202243
87.0853,77.6855,33.8822,4,1.56288,0.0861125,0.163569
86.7934,78.1626,34.2381,4,1.51619,0.0947007,0.128625
86.4767,78.6079,34.6029,4,1.65218,0.103282,0.0985484
86.136,79.0178,34.9791,4,1.6735,0.111097,0.0732836
85.7726,79.3889,35.3683,4,1.71064,0.11739,0.0520271
85.3874,79.718,35.7717,4,1.6916,0.12158,0.0335932
84.9822,80.0026,36.1895,4,1.76777,0.12344,0.0180786
84.5586,80.2406,36.6208,4,1.7605,0.123328,0.00547277
84.1188,80.4304,37.0641,4,1.64005,0.121889,-0.00515748
83.6654,80.5707,37.5167,4,1.75888,0.119907,-0.0148428
83.2012,80.6607,37.9753,4,1.75964,0.118171,-0.0255296
82.7294,80.6999,38.4358,4,1.80029,0.117453,-0.037297
82.2536,80.688,38.8933,4,1.8344,0.118526,-0.049645
81.7772,80.6253,39.3424,4,1.8344,0.122062,-0.0606646
81.3041,80.5124,39.7769,4,1.66819,0.12841,-0.06977
80.8377,80.3502,40.1902,4,1.66487,0.137585,-0.0773917
80.3814,80.1402,40.5757,4,1.83989,0.149272,-0.0834684
79.9383,79.8847,40.9267,4,1.68404,0.162775,-0.0882962
79.5106,79.5863,41.2369,52,1.76795,0.176883,-0.0932738
79.1003,79.2482,41.5004,52,1.73092,0.189847,-0.098893
78.7082,78.8744,41.7123,5,1.57524,0.199819,-0.10311
78.3345,78.4691,41.8686,5,1.48742,0.205017,-0.105899
77.9788,78.0372,41.9667,5,1.59008,0.203918,-0.107798
77.6397,77.5836,42.0052,5,1.48223,0.196003,-0.11109
77.3153,77.1131,41.9845,5,1.40107,0.18221,-0.116532
77.0033,76.6306,41.9059,5,1.44408,0.164242,-0.124838
76.7008,76.1409,41.7725,5,1.43434,0.144049,-0.138346
76.4048,75.6485,41.5883,5,1.37861,0.123578,-0.159643
76.1121,75.1575,41.3584,5,1.41418,0.104359,-0.190615
75.8193,74.6717,41.0883,5,1.49671,0.0874868,-0.232768
75.5232,74.1945,40.7844,5,1.45291,0.0738607,-0.283559
75.2205,73.7287,40.453,5,1.46414,0.0642664,-0.326204
74.9084,73.2769,40.1002,5,1.48545,0.059106,-0.332564
74.584,72.8409,39.7319,5,1.33263,0.0579209,-0.298136
74.2451,72.4226,39.3534,5,1.37029,0.0595376,-0.240945
73.8896,72.0233,38.9694,5,1.32997,0.0626756,-0.180535
73.5158,71.6439,38.5837,5,1.39775,0.0662821,-0.130523
73.1224,71.2852,38.1994,5,1.33047,0.0697223,-0.094597
72.7084,70.948,37.8193,5,1.34156,0.0727024,-0.0692652
72.273,70.6325,37.4452,5,1.25519,0.0751279,-0.051612
71.8155,70.3393,37.0789,5,1.22316,0.076972,-0.0396636
71.3355,70.0686,36.7215,140,-1,0.0782523,-0.0323046
