s,curvature,torsion
0,0.255149575060291,0.127861710764014
0.0595078063071584,0.244254377773586,0.140669006410541
0.118961942143799,0.23319151449772,0.154708099227469
0.178378642321627,0.221754592879391,0.170938293775357
0.237772462716781,0.209734847663997,0.190797784047468
0.297156268184235,0.196922711572832,0.216491987683526
0.356541180653254,0.183109295478667,0.251547674762971
0.415936497017918,0.168088039175014,0.301937135521849
0.475349587799469,0.151657159148416,0.378529258212604
0.534785789242731,0.133624496825202,0.502968420884993
0.594248303540001,0.113819322873411,0.723677621973324
0.653738124363287,0.092206761200964,1.15725591444237
0.71325401230883,0.0692330857849244,2.14919930333641
0.772792561019745,0.0460171794708645,5.07769110256367
0.83234837461843,0.0270071756996209,15.3310067257835
0.891914346942016,0.0290331547872112,13.7405902720085
0.951482026787651,0.0512738651209992,4.54315730485675
1.01104205133281,0.0788175620916558,1.97335819709731
1.07058462831933,0.108020007567381,1.07283714925519
1.13010004637709,0.13791966499804,0.668317031455245
1.18957919193663,0.168057034409555,0.45434789492165
1.24901405322574,0.198073569030687,0.325362567365572
1.30839825497832,0.227520173778307,0.238965517906539
1.36772769297287,0.255917410626308,0.177016447568399
1.42700110769079,0.282776098167918,0.129819120541465
1.48622048613831,0.307594386495627,0.0917289120291817
1.54539125195407,0.329859688355056,0.0591764924223209
1.60452221156207,0.349054427788787,0.0296861118495961
1.66362523124127,0.364664842832649,0.00133232112974609
1.72271462951349,0.376191938841703,-0.0276097303598918
1.78180628115416,0.383163440377814,-0.0589475886980435
1.84091644602603,0.385323137657305,-0.089400250405408
1.90006044342056,0.38316599852114,-0.115315205441442
1.95925149570599,0.377390469995363,-0.137515009418589
2.01849986199743,0.368707745292676,-0.156108145699825
2.07781225613305,0.357829749333963,-0.170581724291737
2.13719155579104,0.345458111097041,-0.179808876234934
2.19663679628701,0.332274774901662,-0.182026146099264
2.2561434310919,0.318934477493495,-0.174839259833082
2.31570383365648,0.306059069222394,-0.155333688391708
2.37530801151134,0.294233719089861,-0.120385308953961
2.4349444988477,0.283883856463283,-0.0751847878191803
2.4946012741697,0.274921617799519,-0.0275803135999518
2.55426641337776,0.26713040245517,0.0214384510992229
2.61392856131626,0.260290907744944,0.0710220965482311
2.67357732499305,0.254182823989813,0.120552082062328
2.73320360030733,0.248586364582165,0.169711183003069
2.79279983847505,0.243283687870988,0.21853495730269
2.85236025723068,0.238060288809906,0.267452300615727
2.91188100107774,0.232706474942177,0.317328938960951
2.97136025437593,0.227019089289007,0.369532878515066
3.03079830775072,0.220829032039195,0.419777145547053
3.09019750467728,0.214076630242227,0.462531091325884
3.14956195931586,0.206728944714245,0.497652757477574
3.2088971888581,0.198749131592069,0.524892599163152
3.26820974230892,0.190092414734321,0.543881918052953
3.32750682871778,0.180702924751006,0.554089038807992
3.38679594488978,0.17051139470413,0.554713435907134
3.44608450309549,0.15943369447921,0.544461886094311
3.50537946005233,0.147370180378327,0.521088775882563
3.56468694946478,0.134205864368136,0.480424254302802
3.6240119243786,0.119899133503422,0.426079235192018
3.683357885089,0.104751659734716,0.357126531455206
3.74272682993013,0.0891544673128826,0.252075650403794
3.80211934474934,0.0735023755828331,0.0678127820465657
3.86153475377434,0.0582050913138655,-0.292243556640482
3.92097131085107,0.0437295330148112,-1.06982178028549
3.98042641271087,0.0307524102386404,-2.92236595753666
4.03989681745238,0.0207271682952454,-7.19082391586468
4.09937885431791,0.0170460793028646,-10.1531419977926
4.15886861509514,0.0213834570887614,-4.93373725567084
4.21836212301501,0.0296314454348801,-1.22889522984824
4.27785548016286,0.039105521463776,0.225237165596165
4.3373449976066,0.0491464338019585,0.780491096865227
4.39682731806515,0.0595801424818699,0.966290390702987
4.45629953765639,0.0702586253405501,0.988983010942281
4.51575932534837,0.0809639845116136,0.939476105100845
4.5752050327526,0.0914019517479092,0.860989980203846
4.63463578271018,0.101216338964021,0.774468472015731
4.69405152269777,0.110005522495741,0.689726036620977
4.75345302843968,0.11733614100934,0.610868834554348
4.81284184437196,0.122843341553745,0.550105624433967
4.87222015656392,0.126514759910943,0.511251705360167
4.93159062455681,0.128434131518039,0.486995357406188
4.9909562036848,0.128690033167617,0.473029543513724
5.05031996935172,0.127373662886263,0.466742339318217
5.10968495005338,0.124577305336866,0.466552556080931
5.16905397466248,0.120393099343493,0.471569265115222
5.22842953832754,0.11491194130753,0.481436543268888
5.28781369025845,0.108222460047727,0.496312991706739
5.34720794570516,0.100410049978681,0.516996761155633
5.40661322375096,0.0915899665365494,0.550276422995432
5.46602981700389,0.0820107058266443,0.604068304941395
5.52545740727748,0.0719549282452389,0.683345851433918
5.58489512517984,0.0617049116068022,0.796273040866454
5.64434164378765,0.0515414571384425,0.955665757734263
5.70379529768982,0.0417422808731839,1.18112753925781
5.76325421838377,0.0325786701593941,1.50122928632056
5.82271647717397,0.0243074966041683,1.9516032058774
5.88218022748564,0.0171513326226294,2.55045552203646
5.94164383986495,0.0112497582476449,3.18019361302292
6.00110602359106,0.00653916751218097,3.73512046350638
6.0605659001919,0.00271447630486766,0
6.12002297779111,0.00128535063464458,0
6.1794770824619,0.00448783000651,0
6.23892828414579,0.00814732862024604,3.05563710272548
6.2983768222191,0.0122189694566301,2.58386640380223
6.35782303306135,0.0167399878649532,2.22041913694888
6.41726728076408,0.021689700280647,1.94084487589974
6.47670989112979,0.0270081257971331,1.73298658975651
6.5361510883406,0.03261495279206,1.58510509793804
6.59559093410256,0.0384408227386257,1.46740388856685
6.65502929220241,0.0444790988504958,1.35741740672529
6.71446585739901,0.0507204151540654,1.25616308318438
6.77390021082566,0.0571367409221498,1.16478020510381
6.83333187714246,0.0636854480673861,1.08397751769808
6.89276038127313,0.0703128999898,1.01399461080621
6.95218530328857,0.0769574568473285,0.954725553650521
7.01160632983376,0.0835519381406517,0.905868570363958
7.07102330040208,0.0900256493481454,0.867054572177052
7.13043624673978,0.096306100222913,0.83794452836309
7.18984542424333,0.102291146883937,0.803169520466341
7.24925134613969,0.107750375578716,0.754927850720383
7.30865483225382,0.112397219551224,0.701498501563401
7.36805703779008,0.115923277480801,0.648276118787352
7.42745944137341,0.118005282852941,0.598732100501366
7.48686378777251,0.118310572349729,0.555242558839199
7.54627198414189,0.116501199867886,0.519851150329594
7.60568595236431,0.112236936071202,0.49516258200207
7.66510744468974,0.105177403919804,0.485858590688194
7.72453783534572,0.0949836890112002,0.502305855379879
7.78397790665504,0.0814668701384163,0.593215781172135
7.84342764829345,0.065043104496812,0.875102096400505
7.90288610976652,0.046348164806902,1.73124829659496
7.96235137045214,0.026366988165776,5.57329675084256
8.02182063578299,0.0107068909504287,35.3445959646756
8.08129043876619,0.0238578963138775,7.25246725578592
8.14075691777051,0.0461578638393677,1.86604704614294
8.20021613615746,0.0690927416576366,0.724968033011189
8.25966440622598,0.0915301192770453,0.291646398337555
8.31909857903154,0.112830542721113,0.0609738786035551
8.37851626434535,0.132512500635704,-0.0771861777695197
8.43791598560316,0.150387596298189,-0.160461743389271
8.4972973227618,0.166344495128464,-0.216733145170705
8.55666100134856,0.180274367277291,-0.259080338732907
8.6160088979145,0.192068319895746,-0.294541216069573
8.67534396372317,0.20161771480383,-0.327474053146604
8.73467007122547,0.20881580255391,-0.36105989856595
8.79399178948697,0.213560075810055,-0.398101979541727
8.85331409656828,0.215755132516743,-0.44157303475022
8.91264203887695,0.215316097127727,-0.495136268397817
8.97198035097291,0.212230900525891,-0.554323087349291
9.03133308706818,0.206727828576346,-0.612690217046307
9.09070336231822,0.199081782101573,-0.671502518617047
9.15009319708771,0.189548426586112,-0.731786470697939
9.20950344192129,0.178358625736738,-0.794561936022678
9.26893378088305,0.165712923803762,-0.861137757550812
9.32838280896716,0.151776236202701,-0.933611959962979
9.38784817722293,0.136672998078588,-1.0158685968928
9.44732679824302,0.120483225864293,-1.1158061081988
9.50681510470818,0.103240458886331,-1.25095371190958
9.56630935137094,0.0850196996222244,-1.5178898052913
9.62580587461648,0.0662781702660216,-2.14431022275863
9.68530118957076,0.0478504924736839,-3.68987776102918
9.74479206845762,0.0315499091883186,-7.88619699587223
9.80427566663806,0.0227261975763598,-14.3898753782364
9.86374967299884,0.02805015941685,-8.92356309330333
9.92321245586487,0.0408773939589977,-3.86610217619411
9.98266317581366,0.0545308224741242,-1.88620497612437
10.0421018392494,0.0667484732300997,-0.975106521071608
10.101529271382,0.076518812300459,-0.437504720216932
10.1609469950669,0.083284884679751,-0.0707749139516603
10.2203570301854,0.087057240821031,0.206622385218273
10.2797616690634,0.0880448103984297,0.463555297496178
10.3391632467653,0.0865237387355322,0.744726587694127
10.398563918195,0.0828412037122645,1.09216990640978
10.4579654608122,0.07744549379594,1.55669130826057
10.5173691176756,0.0709502676447661,2.20176014818123
10.5767754911551,0.0642485059433644,3.08132344715212
10.6361844936411,0.0586648618686843,4.1340923945396
10.6955953579265,0.0559806764495682,4.97549539530849
10.7550067077354,0.0578837801539985,4.96543884235375
10.8144167110671,0.0647597008547105,4.10173866343488
10.8738233473851,0.0754536043711444,3.03835995741732
10.9332247222342,0.0883085956421284,2.17197333352612
10.9926193724159,0.101876713884476,1.55470765633028
11.0520065291499,0.115022694487464,1.12696652982012
11.1113863088992,0.126833018678705,0.825548398592066
11.1707598050198,0.136528171671199,0.604686334016106
11.2301290592454,0.143408497668659,0.43333135816968
11.2894969002826,0.146824907538936,0.289242022711672
11.3488666477802,0.146338385837295,0.171630749583827
11.4082417080302,0.142238503824662,0.0799857114478213
11.4676251601224,0.135017038801176,0.00143411598167614
11.5270194236785,0.125182339072153,-0.0728837996660951
11.58642603567,0.113251357302093,-0.150575025680931
11.6458455436388,0.0997447421506792,-0.240116688898981
11.7052775121731,0.0851839885671282,-0.353549470778535
11.7647206311319,0.0700903249242745,-0.511639488429333
11.8241729079037,0.0549855690605615,-0.756695988639572
11.8836319218746,0.0403966483630612,-1.19199795296262
11.9430951156517,0.0268129116591361,-2.26871396860224
12.0025600591204,0.0146976861797191,-6.57877944752456
12.0620245992071,0.00683438081187824,-27.2521821028453
12.1214869449587,0.0116106273731468,-8.51452621255341
12.1809457250574,0.0201364285532361,-2.49436228858513
12.2404000192182,0.028047013471287,-1.0592368422833
12.2998493638557,0.0347954081220934,-0.484716611926403
12.3592937330097,0.0402093804846568,-0.154535380275569
12.4187334962523,0.0441927564945094,0.100429764042632
12.4781693561475,0.0466835059492645,0.351191625850621
12.537602268613,0.0477094369867403,0.595079606805323
12.5970333470243,0.0475570186151475,0.813659979601836
12.6564637547677,0.0465817812113454,1.01593468281551
12.715894606203,0.0451365852631661,1.19282695814369
12.7753268843891,0.0435539748421475,1.31871356335
12.8347613753136,0.0421220452817029,1.35481318613353
12.8941986163365,0.0410579301911264,1.25954752384821
12.9536388555608,0.04049187394999,1.00472881834613
13.0130820186788,0.04047975428824,0.588480908555611
13.072527680506,0.0410546638705229,0.0375690607159857
13.1319750410256,0.0422644475807996,-0.504096027976667
13.1914229344866,0.044093963321646,-0.906545884765573
13.2508699153329,0.0465593706588589,-1.16271381801959
13.3103143741227,0.04968405526752,-1.28556183973927
13.3697546561281,0.0534522075307878,-1.30275919894568
13.4291891816346,0.0577899082782866,-1.24839080209413
13.4886165666171,0.0625674840594804,-1.15428719410873
13.5480357413027,0.0676125703002854,-1.04480339915363
13.6074460632757,0.0727249793690853,-0.935810210189706
13.6668474212442,0.0776887761131903,-0.83625645208759
13.7262403242033,0.0822971110136997,-0.743143899065895
13.7856259433868,0.0864030540977929,-0.650573860732821
13.8450060603518,0.0898665205075991,-0.558511295951046
13.9043829689682,0.0925402841798424,-0.465880724006969
13.9637593594204,0.0942732717330084,-0.370520750801225
14.0231381844943,0.0949137024548667,-0.268916311516939
14.082522508275,0.0943124310143316,-0.15557196039878
14.1419153386151,0.0923271072158085,-0.0217360583480728
14.2013194461918,0.088828343123744,0.147167982747249
14.2607371746126,0.083710457280982,0.376904385396919
14.3201702482277,0.0770032484952288,0.702364509852699
14.3796195967923,0.0691807807469735,1.17491280339283
14.4390852365843,0.0609531484599526,1.87309632020728
14.4985662169018,0.0532924519702525,2.85161675735771
14.5580606228798,0.0475667792917847,3.95651998673446
14.6175656267398,0.0454280412915097,4.56042399100414
14.6770775787511,0.0480185164232945,4.05596737614479
14.7365921294758,0.0551282410802577,2.84005831154459
14.7961043765145,0.0656661779830674,1.64339292908238
14.8556090319692,0.0786415667574608,0.733233948625002
14.9151006135965,0.0933935426192609,0.149187806555935
14.9745737225125,0.109160864170066,-0.171310823687838
15.0340234842729,0.125269379184604,-0.340809725353145
15.093446018315,0.141104960512292,-0.427386185595837
15.1528388466919,0.156050458046042,-0.470236371385918
15.212201210643,0.169466096175972,-0.492140182715382
15.2715342642524,0.180687736656086,-0.507051913134691
15.3308411166756,0.189032614951601,-0.524644265686341
15.3901267008153,0.193808734992667,-0.553376768536481
15.449397457025,0.194326958284434,-0.603311945127186
15.5086608341385,0.19013204602987,-0.688042852489285
15.5679246115572,0.181668468485092,-0.818498171505911
15.6271961325738,0.169651598906847,-1.0106978710873
15.6864816583755,0.154874760458431,-1.29237915704288
15.745785920663,0.138253417708914,-1.7082673339842
15.8051118784232,0.120910076663073,-2.32355200505313
15.8644606676208,0.104322387225733,-3.20509585880567
15.9238317202846,0.090512249318326,-4.3127959733881
15.9832230199565,0.0820088102988046,-5.24441234408974
16.0426314536947,0.0809009998391892,-5.29477026216676
16.1020532166854,0.0871734590373881,-4.43555385756402
16.1614842253756,0.0987620632273681,-3.35381403049079
16.2209205011595,0.11329188050396,-2.47161559443611
16.2803584975919,0.128986196121737,-1.85059513994501
16.3397953550833,0.144672591927185,-1.43156985286683
16.399229071256,0.159570078413058,-1.15066593527606
16.4586585774392,0.173124558195906,-0.962670306415613
16.5180837144358,0.184913458466197,-0.838893067417558
16.5775051037969,0.194594891599778,-0.76194164264808
16.6369239143953,0.201881834120784,-0.721880222153588
16.6963415303152,0.206625131520082,-0.708988216525186
16.7557591897716,0.20908543701739,-0.712728777776656
16.8151777446183,0.209629983640976,-0.727705153080992
16.8745975243557,0.208628782335586,-0.749674003992885
16.9340182731882,0.206447723123984,-0.774703780038681
16.9934391645864,0.203441322415052,-0.79866391354947
17.0528588947352,0.199944745767993,-0.816941548529839
17.1122758521852,0.196265174840336,-0.824371564180488
17.1716883579591,0.192673127633824,-0.815396907993757
17.2310949682732,0.189394998834391,-0.78445967480403
17.2904948266534,0.18655373354014,-0.730774197051969
17.3498879470211,0.184012985187809,-0.658166100320171
17.4092752249242,0.181563241450784,-0.568254463219785
17.4686583123718,0.178988407839943,-0.46212829747589
17.5280394553507,0.176075906193376,-0.339823866102423
17.5874212990685,0.172627112366948,-0.199819762669006
17.6468066634015,0.168468671553365,-0.038492542289566
17.7061982928126,0.163466048794924,0.150556369873391
17.7655985870036,0.15754179416557,0.377381681593304
17.8250093207547,0.150702701945975,0.656736741908138
17.8844313659314,0.14315095459223,0.972454429735036
17.9438644859131,0.13549893109229,1.29073894819949
18.0033073252312,0.128486727755242,1.59028990509673
18.0627575366594,0.122835222459139,1.82999594269504
18.1222119839913,0.119136164174383,1.95692245540422
18.1816669985695,0.117722199604917,1.92905716127055
18.2411186668503,0.118576585226783,1.73977450552046
18.3005631256789,0.121345303582658,1.4207229740731
18.359996843523,0.125454647700083,1.01995628981672
18.4194168696448,0.130274307306147,0.57709949407401
18.4788210384716,0.135248587712595,0.17238281227954
18.5382081084146,0.13995706850976,-0.140463026270852
18.5975778097664,0.144157514547205,-0.377734506368178
18.6569308335868,0.147709732448684,-0.554332147635308
18.7162687869128,0.150506120819592,-0.682552017641607
18.775594119644,0.152428459958163,-0.772583800682839
18.8349100230952,0.153323322093143,-0.833280237553104
18.8942202971757,0.152990598906591,-0.872803253787551
18.9535291818296,0.151181155280932,-0.899171823712134
19.0128411487631,0.14760059593393,-0.920928628080701
19.0721606515336,0.142054258955964,-0.947168926851276
19.1314918410753,0.13486679457635,-0.974485194363402
19.1908382977617,0.126464845858501,-0.991830447758612
19.2502028373507,0.1172244523687,-0.983981261041699
19.3095873940913,0.107455779453417,-0.928901194535972
19.3689929677528,0.0973929645861622,-0.793751504799316
19.4284196197471,0.0871988395982526,-0.527712678713615
19.4878665045424,0.0770045892316195,-0.0480549044933277
19.5473319259248,0.0670266276708571,0.783069592819958
19.606813413341,0.0578510061179915,2.1613771466793
19.66630782098,0.0509264051187997,3.95161941599296
19.7258114478376,0.0485902737073436,5.1583252443839
19.7853201669211,0.0528245818202979,4.71874773490578
19.8448295864284,0.0633195990383667,3.32539941413485
19.9043352528427,0.0781360670255396,2.09167190261446
19.9638328837703,0.0954212116653974,1.26865665357552
20.023318609191,0.113852707105623,0.750276169984175
20.0827891935906,0.132472070851681,0.417068501518107
20.1422422077108,0.150513732569397,0.191469667227929
20.2016761173805,0.167311888138212,0.0273390200975652
20.2610902613796,0.182332780994493,-0.0962813505869607
20.3204847761996,0.195380878018479,-0.191864414960194
20.3798606123671,0.206356126220983,-0.271992758879513
20.4392195494449,0.215171233863877,-0.344741427493483
20.4985641427361,0.221750270881634,-0.41598352158149
20.5578976065638,0.226030336998383,-0.49067054917918
20.6172236435795,0.227965560700817,-0.573676104987907
20.6765462312303,0.227533526080141,-0.670494349206972
20.7358693783599,0.224744965802892,-0.787968188318754
20.7951968669047,0.219658521901075,-0.935173536708843
20.8545319953479,0.212490111952526,-1.10259022042552
20.9138773391073,0.203855571585747,-1.27150672286966
20.9732345738631,0.194430975662069,-1.43606274369604
21.0326044282912,0.184819508126908,-1.58553036842307
21.0919867643772,0.175503110046864,-1.70492900534695
21.1513807542306,0.166787347145232,-1.77739212813068
21.2107851174644,0.158750563177189,-1.78816895240392
21.2701983823369,0.151213641381873,-1.72853286750072
21.3296191362871,0.143744496059515,-1.59681251736453
21.3890462371954,0.135700324819489,-1.39449419607011
21.4484789626714,0.12642762981891,-1.17283140304504
21.5079170203719,0.115802557403697,-0.972995948796461
21.5673603470868,0.103977990133385,-0.774015079797442
21.6268088786451,0.091227028103167,-0.54473586489047
21.6862623842896,0.0779145488760592,-0.232695261696877
21.745720368265,0.0644969682926337,0.260589352706303
21.8051820307122,0.0515732628746481,1.1294947407904
21.8646462751133,0.0400552393357664,2.71375079454697
21.9241117473199,0.0315671216700351,5.1152732443959
21.9835768916168,0.0286268642598301,6.29144252254596
22.0430400128514,0.0324065452260232,4.3317257061463
22.1024993509519,0.0407887682084045,2.0764130789948
22.1619531831008,0.0515612327223342,0.746710370315121
22.2213999313665,0.063610767100048,0.0582146807902152
22.2808382670567,0.0763940537455457,-0.294322496021979
22.3402672117631,0.0895631144841126,-0.475691985246571
22.3996862304389,0.102820716321274,-0.56920699295876
22.4590953078528,0.115871950519593,-0.618190429648174
22.5184949969781,0.128410910410845,-0.646285912854085
22.5778864263013,0.140120160277727,-0.667220153551358
22.6372712529311,0.150744537190331,-0.687823687405532
22.69665155833,0.160303886180965,-0.708369089960804
22.7560297129522,0.168884855581465,-0.728576839900545
22.8154082294795,0.176571087857684,-0.748207640569283
22.8747896082711,0.18344295370005,-0.767050666817701
22.9341761781361,0.189577237483966,-0.784920941497182
22.9935699349351,0.195046809711133,-0.801661297674797
23.0529723798468,0.199920326796893,-0.817146578868513
23.1123843585317,0.204262001155181,-0.83128866280277
23.1718059018896,0.208131485153108,-0.844041327448452
23.2312360728923,0.211581244367288,-0.846814636408498
23.2906729255914,0.214629695241526,-0.831979882401376
23.3501137436649,0.217236127023789,-0.801056678152389
23.4095553804197,0.219300817421563,-0.755590350120973
23.4689945840945,0.220670252030712,-0.696946086082647
23.5284282948043,0.221144684141192,-0.626031336051648
23.5878539048792,0.220487307484753,-0.542962222991539
23.6472694763196,0.218434572894761,-0.446648558156556
23.7066739118939,0.214707627150859,-0.334211400546601
23.7660670800777,0.209025540448576,-0.200050010754693
23.8254498938824,0.201187956987394,-0.0546174109141288
23.884824240155,0.191298166294129,0.0920405438787941
23.944192618298,0.179579855662769,0.249786958309336
24.0035577289689,0.166306388715252,0.430642438696822
24.0629221461887,0.151800192807482,0.650753240840486
24.1222880798236,0.136440780187827,0.933226672314032
24.1816572256357,0.120685372341852,1.31188248101118
24.2410306958577,0.10510940855918,1.83418153779401
24.3004090197144,0.0904762695244667,2.55410677256122
24.3597922005133,0.0778323744883099,3.4837138313356
24.4191798145843,0.0685722166360164,4.430145500589
24.4785711543,0.0641587377124878,4.86538611605115
24.5379654302743,0.0650421016857205,4.41929005928823
24.5973619838532,0.0700575367335895,3.43054939390639
24.6567604652849,0.0771893399512302,2.42589755300835
24.7161609525894,0.0845722582315989,1.61441771630822
24.7755639921781,0.0908118647474866,0.984451815040205
24.8349705493922,0.0949120379739154,0.463034575782601
24.8943818660506,0.0961619019539533,-0.0315500246951996
24.9537992328368,0.0940905573794866,-0.594849817858686
25.0132236974004,0.088666841022024,-1.28474678819921
25.0726557600018,0.080846430609964,-2.16470216549967
25.1320951537168,0.0722440884947943,-3.33741366221136
25.1915407565952,0.0651890875823593,-4.6872554815656
25.2509906362937,0.0625838440516899,-5.53007273160062
25.3104422136082,0.0665343477969593,-5.11672234502118
25.3698925171899,0.0766785055788341,-3.89495722984481
25.4293384911096,0.0908567098099998,-2.71561565242447
25.4887773101173,0.106815027258837,-1.85868173054363
25.5482066543949,0.122812542853696,-1.27787729508525
25.6076248974394,0.137643771960694,-0.898576626262663
25.6670311979436,0.150821422433652,-0.653354688557588
25.7264255490448,0.162143779090836,-0.486609028406736
25.7858087773779,0.17150043615502,-0.368005610593849
25.8451824818347,0.178829974087821,-0.280147619503037
25.9045489224643,0.18409951273412,-0.212538165077746
25.9639108705997,0.187294253111331,-0.158513254211901
26.0232714309472,0.188411811218531,-0.11360355406618
26.0826338460436,0.187458922241348,-0.0746043090580195
26.1420012931422,0.184449328668784,-0.038999984784783
26.2013766827163,0.179451531359705,-0.00829192264468522
26.2607624578973,0.172735431828609,0.015147168154163
26.3201604042713,0.164622721159239,0.0314817326652634
26.3795715201749,0.155435233640074,0.0398502632017045
26.4389959644085,0.145493081898007,0.0382518035328979
26.4984330772202,0.135113485326408,0.0233051599779147
26.5578814672188,0.12461047064206,-0.0100603293006714
26.6173391551528,0.114295800893259,-0.0688322795113369
26.6768037645977,0.104481757835862,-0.161693197611575
26.736272749527,0.0954866935845168,-0.297574136947112
26.7957436475276,0.08757425194406,-0.458238107006624
26.8552143007309,0.0807465904730754,-0.613416959489395
26.9146829474568,0.0749402909427532,-0.750154307710188
26.9741482442031,0.0700826787894086,-0.854099058827094
27.0336092654389,0.0660789450857264,-0.912045951549007
27.0930654854426,0.0628021174029416,-0.91483385880108
27.152516743768,0.0600890721456185,-0.859122163286956
27.211963195394,0.057744146106383,-0.746769751588835
27.2714052463341,0.0555494271760697,-0.581676948582049
27.3308434754716,0.0532791459427414,-0.364955385698253
27.3902785441492,0.0507510936220347,-0.105313972998601
27.4497111087161,0.0479501209264784,0.1970161823078
27.5091417634538,0.0449383392718296,0.562704939494991
27.568570999839,0.0418350672991128,1.01530865391567
27.6279991713935,0.0388399999124248,1.57195915506445
27.6874264647876,0.0362628150776902,2.216444777746
27.7468528782992,0.0345410524249094,2.84989178393478
27.8062782086812,0.0341983476433212,3.26625813154795
27.8657020474707,0.0356959304979271,3.26826867729256
27.9251237877676,0.0392462867973972,2.87110837106469
27.9845426434243,0.0447231508467597,2.26319700748936
28.0439577032325,0.0516313201281567,1.66128464991259
28.1033680505289,0.0593897114537416,1.17343632158203
28.1627729025308,0.067472675986843,0.80490298507069
28.222171738229,0.0754225736628073,0.52879937173418
28.2815644053543,0.082834449818584,0.316136869511077
28.3409511981264,0.0893401431728157,0.143194854369598
28.4003328985349,0.0945980746535104,-0.00882785393119686
28.4597107756999,0.0982888217330019,-0.156150921035076
28.5190865404273,0.100116042993747,-0.315374797535546
28.5784622547456,0.0999043104219193,-0.487489527464407
28.6378401871477,0.097876672742976,-0.670768815088695
28.6972226176922,0.094377344295495,-0.878264425836542
28.7566116550267,0.0897836275063311,-1.12116937524733
28.8160090930452,0.0845123744347175,-1.40758169383524
28.8754163098049,0.0790260414235606,-1.73776726724256
28.9348342073439,0.0738315074114436,-2.09480623737232
28.994263188389,0.0694579397370969,-2.4328342838571
29.053703163847,0.066395321459203,-2.67475301026298
29.1131535834512,0.0649888222770368,-2.73859582334394
29.1726134811676,0.065328319029166,-2.62653962087239
29.2320815312495,0.0672674096187423,-2.40313957744524
29.2915561149688,0.0705656462783621,-2.11994808585445
29.3510353872936,0.0749596494900612,-1.82470264127031
29.4105173391791,0.0802069741812886,-1.54827510261554
29.4699998562577,0.0861078079245988,-1.30487437985727
29.5294807748781,0.0925090142838616,-1.09768431107272
29.5889579364036,0.0992990165382353,-0.92427075022746
29.6484292406512,0.106399756748308,-0.780063604835972
29.7078926993259,0.113758862045314,-0.660163866243321
29.7673464912306,0.121306559779567,-0.554405497043381
29.8267890423419,0.128836982887892,-0.457193777950983
29.8862191577977,0.136109888050513,-0.369150816571833
29.9456361520877,0.142887801350867,-0.28948195501734
30.0050399462304,0.148936900259495,-0.216606423538356
30.0644311263717,0.154027496663097,-0.148492397957802
30.1238109602228,0.157934558828777,-0.0827708682483629
30.1831813690943,0.160438546325952,-0.0166757432887698
30.2425448549729,0.161326765608364,0.0531848842695121
30.3019043841441,0.16039549370137,0.131278631017877
30.3612632302319,0.157539635777335,0.214425826958528
30.4206247619813,0.153013527371036,0.298199298733082
30.4799921767872,0.147168358326609,0.385460752176152
30.5393682664239,0.140362878761596,0.477776697649399
30.5987552495846,0.132960638599052,0.575063449784332
30.6581546693991,0.125326333520864,0.674800905562066
30.7175673500244,0.117820251303147,0.770873314287091
30.7769934043702,0.110789651678722,0.852329643886896
30.8364322838503,0.104556301285801,0.902812993748354
30.8958828607508,0.0994010173409536,0.901890574579662
30.955343534479,0.095490838383503,0.838518900658805
31.0148123555918,0.0927047800496234,0.717181635362633
31.0742871540603,0.0908318390478478,0.544147326988282
31.1337656499824,0.0896531780727651,0.32873940789516
31.1932455424172,0.0889670465514577,0.0801084039720492
31.2527245789401,0.0886125514062265,-0.194856247636844
31.3122006092061,0.0884909611525406,-0.49183968503691
31.3716716264873,0.0885852533098935,-0.80766050611347
31.4311358020196,0.0889789176479434,-1.13728764007951
31.4905915180487,0.0898731106138919,-1.46968739686716
31.5500374064324,0.0915897166746459,-1.73481827389308
31.609472394025,0.094463699152492,-1.86609258928609
31.6688957498079,0.0986778892388959,-1.86673974724679
31.7283071430976,0.104202700851175,-1.76276844020092
31.7877067106891,0.1108046438376,-1.59294768433254
31.847095120258,0.118097313309271,-1.3944053161579
31.9064736148874,0.125603320573299,-1.19380938478671
31.9658440227044,0.132804644900252,-1.00602081665595
32.0252087160383,0.139174768774699,-0.836795715277606
32.0845705062574,0.14419577560185,-0.686132031110687
32.1439324643658,0.14747083701851,-0.558636184464724
32.2032976872558,0.149046317481359,-0.451494729204082
32.2626690815184,0.149100746021972,-0.354000504762049
32.32204918194,0.147832155872119,-0.258073906139183
32.3814400005559,0.145453298153347,-0.157015805947693
32.4408429114104,0.142190606865293,-0.0448468426848682
32.5002585746062,0.138286355976704,0.0839126964692287
32.5596869014785,0.134003946277159,0.233994258508757
32.6191270615038,0.129636288986693,0.408498856975621
32.6785775308632,0.125516674259408,0.607144829827385
32.7380361823459,0.121990684755487,0.804459027922734
32.7975004133559,0.119285486895584,0.969486853444151
32.8569672978194,0.117579739721476,1.08900075712726
32.9164337504917,0.117007308304615,1.15175638871
32.9758967002872,0.117629844603526,1.15218152023927
33.0353532689567,0.119421476176761,1.09249258004724
33.0948009505319,0.122270079419253,0.981908836871375
33.1542377864586,0.125993798507093,0.8334508055966
33.2136625312277,0.130366588146984,0.660164172719034
33.2730748035892,0.135145545924878,0.472428000133509
33.3324752169875,0.140094290800139,0.289665719154267
33.3918654329514,0.145003975712997,0.125540414910941
33.451248050614,0.149708925269543,-0.0222612602625934
33.5106264173408,0.154082312652444,-0.15691256459433
33.5700044151679,0.158030394746074,-0.281820379347704
33.6293862272446,0.161488850435379,-0.400323716409346
33.6887760866441,0.164421206542453,-0.515566399032311
33.7481780102835,0.166819224140125,-0.630442990383375
33.8075955211367,0.168705130578213,-0.747550259964806
33.867031362436,0.170135622471469,-0.869092692361554
33.9264872099317,0.171255226556592,-0.988623625959768
33.9859634350254,0.172430834363012,-1.0944206646304
34.045459016315,0.174077677321399,-1.17905482610039
34.1049715532876,0.176588621637474,-1.23447966393885
34.1644973414321,0.180310672168105,-1.25392657345924
34.2240315050913,0.185522508917224,-1.23385545605989
34.283568184957,0.192418618610147,-1.17515778798684
34.3431007764037,0.201104495977138,-1.08302704737292
34.4026222145529,0.211604041609621,-0.965577735027951
34.4621253020394,0.223876443733779,-0.831906311151487
34.5216030777282,0.2377571483016,-0.690882269512223
34.5810492637832,0.252736273715278,-0.552325836726423
34.6404588137003,0.268217396347075,-0.422261422375409
34.6998284169867,0.283612240207997,-0.302539870336719
34.7591568799303,0.298347992584364,-0.192401272668284
34.8184453570139,0.311871260874651,-0.0895840386206902
34.8776974118891,0.323651930436022,0.00904710029045042
34.9369188911093,0.33318894031696,0.107256837444283
34.9961176001994,0.340019174419415,0.209485809042754
35.0553027801428,0.343730375841594,0.32114358173604
35.1144843942197,0.344117571705555,0.433925022899624
35.1736722945111,0.341596276731694,0.537456192917299
35.2328754686784,0.336747957999124,0.633406465374037
35.2921014766454,0.330157051414865,0.721541918011314
35.3513560819157,0.322389693955771,0.799951008963022
35.4106430726748,0.313971223384922,0.865214838862868
35.469964257479,0.305362626923391,0.912662174329391
35.529319611942,0.296937173818548,0.936800552212938
35.5887075471965,0.288959754977547,0.931928297472749
35.6481252679552,0.281572655917327,0.892809006584845
35.7075691855821,0.274775362789414,0.830067807652361
35.7670353041078,0.268417893638259,0.757754732290861
35.8265194641624,0.262321786600914,0.676335625909424
35.8860175033648,0.256312012496821,0.58597477332732
35.9455253825172,0.250222965649928,0.486371394672901
36.0050392835624,0.243904377854482,0.376600835639983
36.0645556841186,0.237227501700375,0.254951597389611
36.124071414248,0.230092152156923,0.118747940289242
36.1835837020262,0.222435486014793,-0.0358435991202031
36.2430902154385,0.214243768577677,-0.213996422807338
36.3025891071434,0.205567859173931,-0.408552205795749
36.3620790212565,0.196531585354101,-0.610076423521341
36.4215589909856,0.187324804685545,-0.82067662826305
36.4810283146059,0.178193835336122,-1.0407401488614
36.540486463327,0.169430820460628,-1.2677421360064
36.599933022803,0.161359037657988,-1.49491077987232
36.6593676650755,0.154310596525526,-1.71030874394481
36.7187901452966,0.148593826808642,-1.89737533262249
36.7782003156406,0.144451232500972,-2.03801016848877
36.8375981473864,0.142015338695656,-2.1181145329415
36.8969837521243,0.141316973085095,-2.12577893970251
36.956357415894,0.142378214043374,-2.05253525447666
37.015719685226,0.145059464013748,-1.90781924463268
37.0750714724706,0.149042446983885,-1.71193501403199
37.1344141459781,0.153885777640651,-1.48768379613912
37.1937495894207,0.159086303862107,-1.25356464085825
37.2530802170804,0.164129434879221,-1.02088039286636
37.3124089343695,0.168523011939382,-0.793894684097792
37.3717390360233,0.171817623029687,-0.571181166187303
37.4310740383187,0.173619447724893,-0.346810192420068
37.4904174467571,0.173672103043375,-0.131054310407754
37.5497724805937,0.172083548677784,0.0685506996045749
37.6091418140241,0.169116818310563,0.26230942670702
37.6685273664209,0.165104981582706,0.457199107411939
37.7279301500787,0.160441401227107,0.656667449621573
37.787350182841,0.155572952673324,0.859637032717467
37.84678646901,0.150991022701449,1.0589614055926
37.9062370483987,0.147214253253816,1.24015838049485
37.965699110601,0.144757235784971,1.3820579190004
38.0251691695197,0.144083451368467,1.4611794371388
38.0846432920118,0.145479863850832,1.46501998913661
38.1441173733442,0.148812485950666,1.40420497849187
38.2035874317635,0.153753834057076,1.29851023423211
38.2630498806298,0.159890113119695,1.16942033463476
38.3225017609154,0.166761526346621,1.03476764257934
38.3819409245565,0.173894911050099,0.906666401494027
38.4413661590014,0.18082447139535,0.791948575295935
38.5007772436582,0.187102188606207,0.693653585838391
38.5601749300605,0.192301513763923,0.612576339700685
38.6195608394763,0.196017607078535,0.5484838198655
38.6789372754493,0.197934357880405,0.499975384854539
38.7383069823063,0.198025722279591,0.463527543874662
38.7976729297697,0.196346108865356,0.436396711863988
38.8570381271236,0.192958523248518,0.416728545707049
38.9164054557327,0.187931953043227,0.403304164231867
38.9757775255638,0.181339333460694,0.395397529193987
39.0351565611453,0.173255887086433,0.39271576394302
39.0945443213274,0.16375774290452,0.395418029761115
39.1539420562058,0.152920807781255,0.404235581304516
39.2133505036632,0.140819913566169,0.420761994596347
39.2727699255416,0.127559660438416,0.452953531594127
39.3322001449705,0.113371653193432,0.512869038057368
39.3916405290828,0.0985270178335872,0.615038939799407
39.4510899887806,0.0833096046474715,0.788186458133312
39.5105470293192,0.0680265332480944,1.09324220439448
39.5700098422065,0.0530363046758324,1.67345420316749
39.62947642623,0.0388318048576863,2.91010262283691
39.6889447249427,0.0263287891958624,5.88365586871422
39.7484127679807,0.0178925003467248,11.7380514107684
39.8078788041444,0.0177399141748333,10.830154719153
39.8673414147793,0.0241768870620852,5.24587442615393
39.9267995867516,0.0322677302724292,2.66176672361529
39.9862527230218,0.0401722046721999,1.55752008995746
40.0457006138453,0.0474043027903028,1.01605018170239
40.1051433864742,0.0538489120188409,0.714539690611196
40.1645814392717,0.0595095727085753,0.528563642201169
40.2240153649093,0.064435630353036,0.403623356839316
40.2834458666177,0.0686970221638943,0.313083024927499
40.342873670835,0.0723742181947228,0.242715148325089
40.4022994390381,0.0755537975953414,0.184364339847577
40.461723682263,0.0783010404734819,0.135175475122193
40.5211467098513,0.080582711365675,0.0943326506130481
40.5805686573895,0.0823421185018026,0.0597849116436916
40.6399895402302,0.0835236932088126,0.0298593016171042
40.6994093013772,0.0840724813403697,0.00312921445388716
40.7588278528867,0.0839338277430459,-0.0217057858928693
40.818245111383,0.0830532021269277,-0.045945345421883
40.8776610285316,0.0813761371236739,-0.0710438021880492
40.9370756175786,0.0788482696301915,-0.0988388417947017
40.9964889773599,0.0754155014128736,-0.131938119535333
41.0559013147086,0.0710545115646343,-0.171881153871133
41.1153129482081,0.0658637461589069,-0.220354641915331
41.1747242689631,0.0599731500744779,-0.282553142724543
41.2341356970686,0.0535143485452816,-0.366941066041039
41.2935476541584,0.0466215369873819,-0.488563697234422
41.3529605513713,0.0394335425030349,-0.676712665075294
41.4123747907078,0.0320987921106936,-0.994917196894921
41.4717907773237,0.0247886881652489,-1.60120320071736
41.5312089399941,0.0177405426996983,-2.96349930402369
41.5906297568036,0.0114330276581983,-6.70034818667511
41.6500537822197,0.00738258389617348,-15.2419034057325
41.7094816518104,0.00864670346638628,-10.9972360103602
41.7689140289169,0.0136212694913757,-4.66309362743589
41.8283515266177,0.0196892233937501,-2.51053454871201
41.8877946280591,0.0262523963228708,-1.68130760430235
41.9472436087223,0.0332581654188348,-1.29529675838752
42.0066984635704,0.0407858671802234,-1.08512288137554
42.0661588423529,0.0489587305650606,-0.95306314028596
42.1256239968033,0.057918518210382,-0.858039654084161
42.1850927440576,0.067815732821818,-0.7813019059913
42.2445634527661,0.0787453162284473,-0.687339272657618
42.3040340917461,0.0905508552490042,-0.570092846798723
42.3635023912574,0.102984536209711,-0.449614776395596
42.4229660441321,0.115777326957994,-0.334191226723125
42.4824228994807,0.128649928998755,-0.225973479778361
42.5418711365545,0.141320231853061,-0.124128035041724
42.6013094073538,0.15350880576168,-0.02643024587194
42.6607369368631,0.164943775350641,0.0700175212465663
42.7201535708721,0.175366129943088,0.168536520545166
42.7795597631948,0.18453637126801,0.272873732112195
42.8389564977554,0.192282921111605,0.370618340153943
42.8983451704692,0.198618983836241,0.451193975322129
42.9577274909465,0.203604570937026,0.519703181146306
43.0171053916832,0.207298965911746,0.579648351694902
43.0764809294686,0.209757012633893,0.633582043899462
43.1358561816567,0.211026714903679,0.683513868492808
43.1952331397605,0.211147737958511,0.7311853888276
43.2546136019758,0.210150629143981,0.778276767692028
43.3139990656278,0.208056708835803,0.826585890821199
43.3733906201568,0.204878679559331,0.878211260793339
43.4327888424944,0.20063349962295,0.92834575915005
43.4921937304562,0.195364649737148,0.971030859024519
43.5516047347011,0.189083028665915,1.00727233801853
43.6110208377904,0.181750364002469,1.03870870604894
43.6704406420398,0.173279321235463,1.06801106630973
43.7298624601818,0.163535777697877,1.09951539516343
43.789284406096,0.152343383054283,1.14041915214826
43.8487044856039,0.139490809474506,1.20336562680337
43.908120690918,0.124743128831351,1.31268195302042
43.9675311067781,0.107862124798465,1.52143719344912
44.0269340381993,0.088805039365656,1.98063527557647
44.0863280984897,0.0683494724566888,3.05921583241141
44.1457121742824,0.0481831083801668,5.83219485892837
44.2050854391032,0.0328322508365674,12.2652612413008
44.2644474790571,0.0327275585400201,12.3451722737148
44.3237984930992,0.0480357528544188,5.83453465781893
44.3831395206186,0.0683061178107604,2.9772511425785
44.4424726462659,0.0888967749242221,1.833376325563
44.5018011325482,0.108018720710329,1.3084899405557
44.5611294347803,0.124621603710518,1.04772475268563
44.620463059085,0.138083881291719,0.933316764837161
44.6798082077581,0.148675332766515,0.905614643762927
44.7391712105293,0.156942690485154,0.926316579908429
44.7985579038461,0.163491145394067,0.974491816860897
44.8579730483297,0.168971360186239,1.03505092142325
44.9174198159645,0.17406823936564,1.09418718732174
44.9768993688349,0.179485314523256,1.13802922872558
45.0364105450768,0.185922255774017,1.1534551251722
45.095949663545,0.194046799381052,1.13040571863138
45.1555104566137,0.204466742573628,1.06452569795927
45.2150841476693,0.217558341561553,0.95708658195538
45.2746598504071,0.232993051171905,0.824731996271817
45.3342254997195,0.250196722143925,0.686239737760549
45.3937689266364,0.268539284501019,0.552919060074606
45.4532788536702,0.287364328988949,0.429952556329205
45.5127457694283,0.30600575302329,0.318432450228326
45.5721626467046,0.323795981930084,0.217068654277257
45.6315254683151,0.34007064385808,0.123292615967639
45.6908335274288,0.354173373895043,0.0338230898013309
45.7500894744576,0.365463065819588,-0.0551679235369714
45.8092990893857,0.373445619246753,-0.139770257286933
45.8684707451121,0.378147896061997,-0.216315656429789
45.9276146139858,0.379756540867276,-0.288442151528192
45.9867418364439,0.37849264239798,-0.35886454023499
46.0458637472456,0.374607374066372,-0.429734284827794
46.1049911849182,0.36837771003769,-0.502859018639262
46.1641339022365,0.360102129337839,-0.579834267258305
46.2233000899438,0.350096445768187,-0.662113113735603
46.2824960205619,0.338689961571992,-0.751023230122806
46.3417258142033,0.326222087194165,-0.847729543420195
46.4009913238392,0.313088335664878,-0.947132483039542
46.4602921366878,0.299866313831254,-1.03963101602084
46.5196257139117,0.287122608459448,-1.11765891369738
46.578987689303,0.275328794863982,-1.17156779160798
46.6383722997477,0.264827498872665,-1.19064236453314
46.6977729069484,0.255802460606008,-1.16476407820028
46.7571825706421,0.248261835887655,-1.08619761647623
46.8165946368924,0.242044206406588,-0.950641598308776
46.876003310592,0.236853140882387,-0.75687324281994
46.9354041890747,0.232320447931645,-0.505043527689155
46.9947947353636,0.228119588304356,-0.229055272652675
47.0541744824916,0.224162390979035,0.0357711960716746
47.1135446614441,0.220589884354423,0.286590414577888
47.1729076314835,0.217712673161697,0.517747985679017
47.2322663529446,0.215962256435212,0.719708417568305
47.2916239304825,0.215835727216634,0.879649165225044
47.3509832390013,0.217832935825089,0.984175592757663
47.4103466386094,0.222392083097436,1.02365964312895
47.4697157805696,0.229837024130702,0.996285105992758
47.5290915034203,0.240351158304079,0.909416335623937
47.588473819606,0.253898806523363,0.789144725545237
47.6478620422263,0.270020439930932,0.663508589028846
47.707255089819,0.288162234479573,0.544028054544755
47.7666518063865,0.30778878758559,0.436728863041288
47.8260512120885,0.328392830656966,0.343709940242203
47.885452664265,0.349498054155608,0.264723897830258
47.9448559084986,0.370659217899839,0.198345731309496
48.0042609983146,0.391462335478279,0.142700499705564
48.063668062444,0.411526470434724,0.0958598020743995
48.1230769003306,0.430507843076081,0.056027474975846
48.182486403044,0.448157363409967,0.0253850018629264
48.2418941287827,0.464455325510707,0.00565476403572132
48.3012966174233,0.47941362971648,-0.00497341244252182
48.3606899748461,0.493013392252818,-0.00776980350643574
48.4200704033685,0.505202352726446,-0.00360528666492788
48.4794346592436,0.515894794350318,0.00696414266137705
48.5387804299054,0.524973542199587,0.0236512328071819
48.5981066231312,0.532293769524529,0.0464196501881667
48.6574135607222,0.537688443426341,0.0754895190256704
48.7167030707446,0.54097530949686,0.111365235197598
48.7759784721103,0.542009207836047,0.143784200643147
48.8352443897976,0.540819144455908,0.162404039644934
48.8945063513856,0.537471371419594,0.167433569409386
48.9537703475257,0.532019061527703,0.158565722354376
49.0130424396607,0.524499257928941,0.134975965963706
49.0723284156854,0.514933481681847,0.0952535171656234
49.1316334908596,0.503332551832619,0.0372552341070582
49.1909620529348,0.489706604241427,-0.0421342333546516
49.250317454147,0.474081985397376,-0.147355910068861
49.3097018584659,0.456527849799204,-0.284655193042109
49.3691161543085,0.437272287321523,-0.440623447606796
49.4285598201357,0.416950761330741,-0.597135828154755
49.4880306151251,0.396337704938439,-0.753146968582562
49.547524431964,0.376228017578499,-0.904396806199995
49.6070354496346,0.357390966262478,-1.04267352024414
49.6665565440789,0.340513381656107,-1.15568168790211
49.7260798979241,0.326132240250634,-1.22820890180918
49.7855977447963,0.31456514598601,-1.24495301303086
49.845103182481,0.30585706052565,-1.19433821602348
49.904590992043,0.299766166072434,-1.07148591835729
49.9640583985469,0.295794217793762,-0.90110231799725
50.023505517924,0.293308320304615,-0.713367459615426
50.0829351212433,0.291754482222457,-0.515430330820321
50.1423520500952,0.290709380637807,-0.311986270020625
50.2017625191033,0.289891745324681,-0.105622853510703
50.261173344802,0.289167584556065,0.102429889879818
50.3205911316683,0.288552964208364,0.311372171543731
50.3800214460123,0.288216331891747,0.519828803131999
50.4394680083364,0.288480279289104,0.724821078376164
50.4989319346324,0.289820351737634,0.920848433772836
50.5584110698321,0.292812923084895,1.07845033375822
50.6178997607162,0.297895825684556,1.1712239175252
50.6773895743197,0.305289740817138,1.20020303737906
50.7368704051201,0.314962125183857,1.17254144749524
50.7963316062888,0.326614667741822,1.10008204741467
50.8557630819821,0.339712012665055,0.996371059718082
50.9151562827971,0.353534333633307,0.873703717846202
50.9745050425515,0.367235815304742,0.741282611924072
51.0338061946237,0.379897576259577,0.604621980624929
51.0930599106704,0.390571377163416,0.465733541765873
51.1522697133517,0.398438021658858,0.34190751502759
51.2114421259749,0.403225937087423,0.245850358749651
51.2705860373126,0.404879477882065,0.172026556787691
51.3297119777405,0.403415163899809,0.116749640365021
51.3888313928345,0.398900775016048,0.0777816936661049
51.4479559488599,0.391440151855431,0.0540882326355432
51.5070968970548,0.381161703403826,0.0457417408623678
51.5662645180006,0.368209774985379,0.0539784715456491
51.6254676624839,0.352738856954229,0.0814402542350322
51.6847134012364,0.334911351146015,0.132677868181554
51.744006789722,0.314971794941464,0.201728957075437
51.8033506827345,0.293464236555338,0.28051958202968
51.8627455292736,0.271012754433276,0.372510914209489
51.9221893260319,0.24824661202433,0.481156668576085
51.9816777909893,0.225799649636733,0.609185559688675
52.041204722173,0.204310223398596,0.756952964440494
52.1007625007008,0.184417861042814,0.919305080870234
52.160342697296,0.166750113741881,1.08074252601052
52.2199367438366,0.151891092935807,1.21036272288775
52.2795366359898,0.140326831172367,1.2616040006846
52.3391356333013,0.132232994914536,1.18878039901142
52.3987287771348,0.127011991365563,0.986431089762571
52.4583129243299,0.123804334833134,0.678509397026109
52.5178864965175,0.121751584508031,0.29494414550212
52.5774491058656,0.12011102539544,-0.145277033948258
52.6370010819228,0.118349869960415,-0.641237996023186
52.6965429200638,0.116232971838795,-1.20770923712113
52.75607467623,0.113935901325901,-1.86316384852953
52.8155953391607,0.112207756681017,-2.60011677466335
52.8751022200579,0.112551475994501,-3.32923257057817
52.9345904198851,0.11723951644789,-3.72348470497107
52.9940526700646,0.128354973754499,-3.53326369788373
53.0534799793419,0.146266882505411,-2.9530547084461
53.112862714632,0.169756096211453,-2.28949935451648
53.1721918135744,0.196922926361273,-1.71444159837248
53.2314600181216,0.225819327097562,-1.26590723351309
53.2906630114376,0.254651476038127,-0.925700277902062
53.349800333085,0.281781727782337,-0.66430132532298
53.4088759496966,0.305687813168938,-0.45537845704051
53.4678983710815,0.32493399013134,-0.277741794296219
53.5268802254943,0.338440843522849,-0.131419688319474
53.585837257455,0.34633133586939,-0.0155413816073545
53.644786950993,0.349106206208551,0.0831667530614981
53.7037471379632,0.347344107710807,0.172804916179362
53.7627347453408,0.341681897304921,0.258605984030962
53.8217647460827,0.332798331976854,0.344027613228667
53.8808493538457,0.321399423148239,0.431201683145221
53.9399974812522,0.308204964807828,0.520974453441031
53.9992144635609,0.293935787050177,0.612630632299687
54.0585020350799,0.279300737891268,0.703359828582998
54.1178585348495,0.264923930147685,0.785531739776097
54.1772793090276,0.251148990635223,0.8508486093268
54.2367572440279,0.238185821789066,0.892583943399338
54.2962833520204,0.226149996754241,0.903203927910859
54.3558473729275,0.215050171326144,0.875043547253805
54.4154383719223,0.204784523985969,0.800844892401661
54.475045315123,0.195150605898994,0.673709591297233
54.5346576106852,0.185872072612147,0.48604902860437
54.5942656081652,0.176645025508915,0.227333980121452
54.6538610559192,0.16720816580879,-0.119186044149199
54.7134375178445,0.157454564687565,-0.529018428744685
54.7729906006751,0.147560223543062,-0.967679208869418
54.8325177535244,0.137964466561438,-1.43742446102565
54.8920179323357,0.129324188944725,-1.9221693078909
54.9514913077779,0.122444629913386,-2.37435836779609
55.0109390234958,0.118138293671838,-2.7141480136893
55.0703629959091,0.117000130849511,-2.86144209868308
55.1297657396061,0.119178209554701,-2.79154306179471
55.1891501971512,0.124289588309269,-2.55738375232725
55.2485195488782,0.131543240984863,-2.25011896707152
55.3078769814352,0.140047091355139,-1.93682210179581
55.3672255053643,0.149215622504749,-1.63938641392242
55.42656800735,0.158557669912606,-1.36711698388349
55.4859073771289,0.167610833871861,-1.12124210935539
55.5452465928576,0.175949867960445,-0.898327869421591
55.6045887510322,0.183189072289893,-0.692525257549289
55.6639370339555,0.188983609465741,-0.496671384633784
55.7232946111126,0.193032769821555,-0.302549047432839
55.7826644749829,0.195087417296584,-0.1005462033337
55.842049216753,0.194964160338669,0.121174965001807
55.9014507539233,0.19264190106811,0.349715656755279
55.9608700526699,0.188493256103252,0.569862589632233
56.0203069349167,0.183044302304238,0.788273780271981
56.0797599951025,0.176878830905992,1.00581853492006
56.1392266217089,0.170615425239881,1.2164893534049
56.1987031214905,0.164875382575515,1.40635290533503
56.2581849378143,0.160234765351207,1.55425138336916
56.3176669489521,0.157160215401794,1.6361325601831
56.3771438282186,0.155940321726568,1.63302540197367
56.4366104454197,0.156636580130492,1.53894214145455
56.4960622864755,0.159036667931452,1.3849805266331
56.5554958269159,0.162618522956034,1.21394823905394
56.6149087594469,0.166808767713236,1.04456781148871
56.6743001135917,0.171068736113931,0.888446001822179
56.7336703021836,0.174908408878572,0.751222622856094
56.793021095257,0.177887836596689,0.634583142047559
56.852355521474,0.179612349878152,0.538061604171588
56.9116776989315,0.179725802576619,0.460325832366964
56.9709925994078,0.177904040310494,0.40001982005858
57.030305752828,0.173849417498154,0.356362933872734
57.0896229012275,0.16741223680701,0.32857031647957
57.1489496058391,0.158963689609436,0.313449389436171
57.2082908473465,0.149012344916571,0.308289021703245
57.2676507132803,0.138072815855869,0.310948131340421
57.3270321967948,0.126661599998905,0.3190701131345
57.3864370961253,0.115294003602262,0.329131239000946
57.4458659989964,0.104481935318393,0.335203699260195
57.5053183341938,0.0947324804378542,0.327651435609183
57.5647924725243,0.086547472037463,0.292849163695245
57.6242858614247,0.0804248277024263,0.216393061902472
57.6837951815183,0.0767472234890409,0.103232512700717
57.7433165168215,0.0754424865151911,-0.021641109266481
57.8028455194132,0.0763340178254543,-0.136571423138602
57.8623775524491,0.0792532829570524,-0.224772811063388
57.9219078177162,0.0840343181174797,-0.279462524508726
57.9814314768276,0.090509119782972,-0.303133096675869
58.0409437724689,0.0985054615530148,-0.303357372486829
58.1004401535642,0.107846790476537,-0.288643539968165
58.1599164059481,0.118353056810288,-0.266064628502692
58.2193687880871,0.129841560834141,-0.240560837271026
58.2787941714052,0.142081587189673,-0.211578488416908
58.3381902243932,0.154654867764396,-0.179535102396913
58.3975556902589,0.167089966928589,-0.147424513629885
58.45689065427,0.178908764530626,-0.116462955817914
58.5161967340153,0.189627784875313,-0.0867912005344022
58.5754771727005,0.198759972014034,-0.0578913500816708
58.6347368195808,0.205817141654392,-0.0287724752660908
58.6939819855313,0.210313153070536,0.00203025104084438
58.7532201674701,0.211767673235494,0.0366461854536042
58.8124596428594,0.209710296907211,0.0783357015615458
58.871708943923,0.203875550144898,0.126205089777007
58.9309762245153,0.194776572377265,0.178813089319274
58.9902686109242,0.18312811231407,0.239809679855496
59.0495917013521,0.169651072796188,0.312834303115818
59.1089492578366,0.15506903052758,0.401341718814672
59.1683430777122,0.140105915369611,0.507614570302882
59.2277730205775,0.125484119470485,0.630215854851413
59.2872371605965,0.111920771547853,0.758824407311766
59.346732031539,0.100117786946599,0.866234548007558
59.4062529331275,0.0907403454308256,0.901850529347603
59.4657942714941,0.0842466921978936,0.836857427499826
59.5253499014049,0.0804737251144653,0.689348333251859
59.5849134195827,0.0790983100796603,0.481895701577066
59.6444784009449,0.0798061172301891,0.252006180753882
59.704038596777,0.0823137873504572,0.0362178843623706
59.7635881084332,0.0863771877851444,-0.141362544635067
59.8231215462299,0.0917855773418536,-0.271565922103101
59.8826341798994,0.0983486460145738,-0.35649499008897
59.9421220840439,0.105883556214528,-0.404196852185051
60.0015822794639,0.114205652670431,-0.424404167227288
60.0610128688515,0.123095193025698,-0.423095792977507
60.1204131582951,0.132209327519157,-0.406907106338028
60.1797837439035,0.141164265760632,-0.383734396981678
60.2391265511887,0.149565419081537,-0.358738539406451
60.2984448178762,0.157010393316188,-0.335148072529143
60.3577430089848,0.163092092886819,-0.314999114308643
60.417026654588,0.16740181137005,-0.299732565301949
60.4763021036584,0.169532257818565,-0.290690031981673
60.5355761916381,0.16908043769174,-0.289613376830606
60.5948558248505,0.165650271630029,-0.299331438921913
60.6541474928789,0.159022615812209,-0.322704224036366
60.7134567696165,0.149658106707874,-0.360097085324331
60.7727879462194,0.138189195495254,-0.413113583841353
60.8321438291407,0.125248805893111,-0.484470406075111
60.8915256797011,0.111467682523569,-0.577394543834803
60.9509332790336,0.0974719203303303,-0.694012359380054
61.0103650964466,0.0838792088297747,-0.831080888115315
61.0698185352808,0.0712906101404328,-0.969988623248121
61.1292902291985,0.0602725998224924,-1.05765113778641
61.1887763634554,0.0513256165737257,-0.983653792938202
61.2482729982422,0.0447325063098353,-0.675113184560797
61.3077763343753,0.0402418136307621,-0.173274790002477
61.367282834367,0.0375504070724805,0.447942107499013
61.4267892630194,0.0364878525687426,1.05141944177662
61.4862927026077,0.0370087104279872,1.48964024025934
61.5457905559647,0.0391137728314018,1.6808475447468
61.6052805455762,0.0427550773156524,1.64901518225082
61.6647607136881,0.047791401675172,1.48521985561969
61.7242294257365,0.0540043147975002,1.27928298848652
61.7836853771181,0.0611369446274852,1.08595161876962
61.8431276022478,0.0689202922203068,0.923247268894898
61.9025555026476,0.0770741293760116,0.794007574355953
61.9619689211965,0.0853198890732175,0.697988411311197
62.0213682238277,0.093386385220617,0.631644501586178
62.0807543619296,0.101010391626356,0.591209559602144
62.1401289082863,0.107936964260029,0.573942325082403
62.1994940608153,0.113920457122649,0.578604179762015
62.2588526094721,0.118726776711273,0.605729750917515
62.3182078633139,0.122137422402849,0.657988125872466
62.3775635368383,0.1239561854938,0.740844153355713
62.436923596768,0.124094192777376,0.826033093404372
62.4962920627054,0.122770403877217,0.8792341103244
62.5556727681004,0.120225764739502,0.896729973398743
62.6150691338195,0.116628135888363,0.87169547362695
62.6744839708051,0.112065093487636,0.794104169268046
62.7339193065161,0.106546169188251,0.649070255428472
62.7933762287566,0.100019501669141,0.412415911214996
62.8528547419859,0.0924116921241423,0.0409665729825145
62.9123536345794,0.0837108209952838,-0.547095411277086
62.9718703607654,0.0741441342589954,-1.50605022019285
63.0314009498524,0.064579657340403,-2.94189539249554
63.0909400065237,0.0570586613020679,-4.6879800456683
63.1504808982335,0.0547146260903446,-5.79548139702684
63.2100160733319,0.0600368231760257,-5.16116253040333
63.2695374619926,0.0725535847375073,-3.62358441593466
63.3290369434681,0.0899269979084679,-2.32449050918605
63.3885068572796,0.110053641824153,-1.46850292941007
63.4479405300814,0.131501045930988,-0.927245487800537
63.5073327857996,0.153271192760103,-0.57547615472949
63.5666804042087,0.174590795471037,-0.334640936186963
63.6259824910816,0.194852849023179,-0.173500739599164
63.6852406945178,0.213727557628529,-0.0728415415389157
63.7444592090305,0.230976404775312,-0.0106576285298257
63.8036446375834,0.246377215580132,0.0256019833431762
63.8628057470523,0.259714750149912,0.0433186847666648
63.9219531160881,0.270778512250763,0.0468521915260765
63.981098674992,0.279364252054705,0.03864689328271
64.0402551400341,0.285277380232234,0.0197902933795122
64.0994353480567,0.288337324010587,-0.00975349978090253
64.1586515010695,0.288382341097133,-0.0511474570407595
64.2179143371272,0.285398761679575,-0.100978563567198
64.2772323177369,0.279893192089288,-0.155918954920387
64.3366110359692,0.272512422070871,-0.21783801967607
64.3960528632254,0.263916054726286,-0.287962518591756
64.4555567966492,0.254775561651564,-0.366486131269567
64.5151184984084,0.245774117916177,-0.451907464658826
64.5747305144429,0.237605385736324,-0.540178511909561
64.6343826575115,0.230968300390847,-0.62396417176988
64.694062539391,0.226554552911474,-0.692628749184818
64.7537562397011,0.225027132093496,-0.73372180833781
64.813449103517,0.226805184750022,-0.732636161653593
64.8731266449347,0.231472934060849,-0.689797973239235
64.9327754425069,0.238338447112339,-0.618198439409793
64.9923839182913,0.246648317876896,-0.530606480297343
65.0519429763238,0.255616958369664,-0.43684030545666
65.1114464852599,0.264448551969049,-0.342956299806059
65.1708915856946,0.272350846876283,-0.251614477025961
65.230278801732,0.27854346160921,-0.162801281169697
65.2896119390699,0.282264004815037,-0.074387972942384
65.3488977583955,0.282774562487389,0.0177452241011828
65.4081454220071,0.279518949401076,0.113213079222516
65.4673657070065,0.272578834214312,0.212546462727504
65.5265700618495,0.26223120860691,0.323360469850259
65.5857697123395,0.248799955102749,0.454911253741016
65.6449749016673,0.232660431965629,0.619847166911712
65.7041942854097,0.214252522436207,0.836816501332547
65.7634344932486,0.194109381066137,1.13450820615483
65.822699862212,0.172915561037577,1.55734716195999
65.8819923399216,0.151619304455003,2.16994716434561
65.9413115508266,0.131635036596062,3.04273542590237
66.0006550153725,0.115178618670465,4.10872856560887
66.0600185484034,0.105276450945966,4.93426742604509
66.1193968865976,0.104197982609115,4.91181216168863
66.1787844337255,0.111544875937175,4.05776781504881
66.2381760009234,0.12442594060867,2.98509969679866
66.2975674542848,0.139420788455536,2.08642042008967
66.3569561915203,0.15374458102485,1.41975299801115
66.4163413832625,0.165324958012273,0.924767580539515
66.4757239346149,0.172581096604842,0.529360776173564
66.5351061490713,0.174251123292095,0.167975863738899
66.5944911100546,0.169585161438328,-0.184509694718942
66.6538818486527,0.159145712300864,-0.557877573010996
66.7132805006443,0.14399108965581,-1.03382482881496
66.7726876773892,0.125455391599977,-1.73394217633001
66.8321021297959,0.105358488288814,-2.86183144829128
66.8915207165269,0.0865246168949388,-4.66628102771049
66.9509386536032,0.073603389241771,-6.80286383228624
67.0103499961014,0.0722585768981318,-7.19809041267661
67.0697482829952,0.0837115379128875,-5.30387055240342
67.1291272630451,0.103230643981577,-3.34463314921375
67.1884816122881,0.125897151147487,-2.11425099786184
67.2478075478664,0.149096657957027,-1.40708923101994
67.307103278944,0.171557638474989,-0.984565318093363
67.3663693118793,0.192561928849514,-0.718337647706704
67.4256086181245,0.21163701158013,-0.542162676601498
67.4848266618365,0.228428018207079,-0.420662847230685
67.5440312862192,0.24264256212591,-0.33400351156075
67.6032324606608,0.254026518917767,-0.270526892166439
67.6624418942669,0.262353740040952,-0.223094931441916
67.7216725253521,0.26742217383594,-0.187194121582875
67.7809379016001,0.269141201013592,-0.160977925811009
67.8402514992402,0.267795190826532,-0.142924037513601
67.89962609773,0.263772667174636,-0.131139874702936
67.9590732645879,0.257472393140197,-0.124495006152875
68.0186029582789,0.249298388871168,-0.122348289908696
68.0782232573074,0.239655472915764,-0.124384355400178
68.1379402174164,0.228945563212618,-0.130501300505507
68.1977578531125,0.21756490222524,-0.140712726313034
68.257678235341,0.205902261178347,-0.155034892109957
68.3177016940397,0.194338058779009,-0.1733320799124
